<?xml version="1.0" encoding="UTF-8" ?>
<beans xmlns="http://www.springframework.org/schema/beans"
       xmlns:xsi="http://www.w3.org/2001/XMLSchema-instance" xmlns:p="http://www.springframework.org/schema/p"
       xsi:schemaLocation="http://www.springframework.org/schema/beans
       http://www.springframework.org/schema/beans/spring-beans-4.0.xsd">

    <!-- 数据源 -->
    <bean id="dataSource" class="org.apache.commons.dbcp2.BasicDataSource"
          destroy-method="close" p:driverClassName="com.mysql.jdbc.Driver"
          p:url="jdbc:mysql://localhost:3306/phy" p:username="root"
          p:password="root"/>

    <!-- 配置SqlSessionFactoryBean -->
    <bean id="sqlSessionFactoryBean" class="org.mybatis.spring.SqlSessionFactoryBean">
        <!-- mybatis配置文件路径 -->
        <property name="configLocation" value="classpath:mybatis-config.xml"/>
        <!-- 数据源 -->
        <property name="dataSource" ref="dataSource"/>
        <!-- 映射文件路径 -->
        <property name="mapperLocations">
            <array>
                <value>classpath:cn/puhy/mybatis/mapper/*.xml</value>
            </array>
        </property>
        <!-- 相当于typeAliases -->
        <property name="typeAliasesPackage" value="cn.puhy.mybatis.model"/>
    </bean>

    <!-- 配置MapperScannerConfigurer，扫描所有mapper接口 -->
    <bean class="org.mybatis.spring.mapper.MapperScannerConfigurer">
        <property name="basePackage" value="cn.puhy.mybatis.mapper"/>
    </bean>
</beans>
